Timestamp,x,y,z,qx,qy,qz,qw
80.103,0.26214493965972363,0.3885863149663631,0.413699245448512,0.10355538295822037,-0.9942516615454716,-0.02322337834023846,-0.014163010729068733
80.123,0.26214498114731893,0.3885865279987942,0.41369893329264307,0.10355538473133097,-0.9942516720924681,-0.023223108219562347,-0.014162700275710075
80.143,0.2621450224992413,0.38858674039959595,0.4136986220868444,0.10355538651081209,-0.9942516826224026,-0.023222838525622895,-0.014162390261899237
80.163,0.26214506393448045,0.38858695320358866,0.4136983102797289,0.1035553882889072,-0.9942516931651666,-0.023222568500070703,-0.014162079889369343
80.183,0.2621451053503974,0.38858716595296783,0.4136979985696899,0.10355539007334202,-0.9942517037070866,-0.023222298488759147,-0.014161769494417309
80.203,0.2621451467908019,0.3885873787266555,0.41369768678394125,0.10355539184162488,-0.9942517142419393,-0.023222028664047045,-0.014161459395777844
80.223,0.2621451880415441,0.3885875906115973,0.4136973763316799,0.10355539362006222,-0.9942517247611645,-0.023221759223583865,-0.014161149678108694
80.243,0.26214522943461105,0.38858780324119335,0.41369706479433854,0.10355539540158509,-0.9942517352912705,-0.02322148950304076,-0.014160839621256976
80.263,0.26214527087718775,0.38858801606474935,0.41369675294892305,0.10355539717502671,-0.9942517458260609,-0.023221219664528343,-0.014160529476112281
80.283,0.26214531187698165,0.38858822643790353,0.4136964446232557,0.1035553989208709,-0.9942517563495237,-0.02322095012548618,-0.014160219825158802
80.303,0.262145352911888,0.3885884373911701,0.4136961356021589,0.10355540071701103,-0.9942517668227334,-0.023220681829396572,-0.014159911284695249
80.323,0.2621453942729204,0.3885886498608334,0.41369582429817364,0.10355540249870326,-0.9942517773519601,-0.023220412113739625,-0.01415960123264819
80.343,0.2621454356720285,0.3885888624794595,0.41369551275719696,0.1035554042739365,-0.9942517878830945,-0.023220142349344334,-0.014159291161907303
80.363,0.2621454769552263,0.38858907450696545,0.4136952020817397,0.10355540604841362,-0.9942517984029315,-0.023219872865049077,-0.014158981418740195
80.383,0.2621455183301829,0.3885892870001515,0.41369489072195176,0.10355540782178246,-0.9942518089238199,-0.023219603352631304,-0.01415867164399911
80.403,0.2621455596382607,0.3885894991770601,0.4136945798356688,0.10355540959904946,-0.9942518194446286,-0.023219333835994175,-0.014158361841379167
80.423,0.26214560101677,0.3885897116870628,0.4136942684495778,0.10355541137254043,-0.9942518299677612,-0.02321906425841857,-0.014158051991203595
80.443,0.2621456423855116,0.3885899241467061,0.4136939571360607,0.10355541314582284,-0.9942518404902517,-0.02321879469165889,-0.014157742157960099
80.463,0.2621463502798202,0.3885902620682786,0.41369341961064854,0.10355535936233035,-0.9942518495727126,-0.02321881063389912,-0.014157471572486476
80.483,0.26215435378821705,0.3885938111597129,0.4136848992554605,0.10351873758950486,-0.9942559138345611,-0.023237373103545872,-0.014109332518715786
80.503,0.2621596365153178,0.38859388143106355,0.4136737532489595,0.10344820531515825,-0.9942636312635008,-0.023259879131274266,-0.0140455824581445
80.523,0.26216849548931254,0.3885873988356734,0.41366773828401737,0.103382971586221,-0.9942706825566983,-0.023259871402980106,-0.014026737915751751
80.543,0.2621940064304647,0.38856880306774166,0.4136864499370497,0.10332453942843067,-0.9942776771651376,-0.02324258338365278,-0.013990087943068387
80.563,0.2622304216711981,0.38852359389773716,0.4137512834328254,0.10326459199892879,-0.9942860483044961,-0.023201367310456765,-0.013905924681557161
80.583,0.2622661450333594,0.388451332255755,0.4138591747646607,0.10318233890154449,-0.9942973858391415,-0.023147476337497128,-0.013795209003883051
80.603,0.2622972793178001,0.3883546984365035,0.4140114718495329,0.1030849485313513,-0.9943103970004477,-0.023082975524458933,-0.013693211604236156
80.623,0.26232359193581833,0.3882235693307778,0.41424543408471837,0.1029851063407165,-0.9943243903763277,-0.022971460418756057,-0.013615674091446118
80.643,0.2623440046597984,0.38806491790691555,0.41453952995051646,0.10289237250844163,-0.9943382843968508,-0.022824605269256313,-0.013548920865300434
80.663,0.2623609886647295,0.3878673435256549,0.41491277400382964,0.10278765871889811,-0.9943548784779455,-0.02262616225368357,-0.013458441361008612
80.683,0.2623744683361255,0.38763738002807174,0.41535158324409194,0.10266227743280565,-0.9943748107100373,-0.022394929054675154,-0.013328907319168292
80.703,0.2623797988303211,0.38736758158675144,0.41587802808103935,0.1025118726404794,-0.9943988052030481,-0.02211767836966775,-0.013158285679697979
80.723,0.2623749198946041,0.38706446070706424,0.41647716355020237,0.10235394008240406,-0.9944245516304264,-0.021796298363319276,-0.01297703517333454
80.743,0.26236266059912206,0.3867396859814597,0.4171276472757871,0.10218519123264846,-0.9944520827509549,-0.021439935326412696,-0.012789487019971442
80.763,0.26233451259124124,0.38637182369511924,0.41787601175900424,0.10198511178118108,-0.9944839574525941,-0.021023760982514246,-0.012597492550380765
80.783,0.26229540956566183,0.385975270360107,0.4186911586102732,0.10176934777190366,-0.9945177737653919,-0.02057980698778038,-0.012404396928359474
80.803,0.2622417219059579,0.3855424499013702,0.41960594684735353,0.10152955011526743,-0.9945552465910756,-0.020083255718480388,-0.012176812854847775
80.823,0.2621742200421721,0.3850883279756505,0.4205836511365125,0.10127848342313872,-0.9945945825904843,-0.019545159591209966,-0.011927774885673209
80.843,0.2620915131700898,0.38461405584989355,0.42162416027135285,0.10100765616135748,-0.9946368934002099,-0.018950737528296464,-0.011652177097111756
80.863,0.26199141265390663,0.38411125007694275,0.42273867680214494,0.10071417665231358,-0.9946822919372931,-0.018302033946063376,-0.011350254669281006
80.883,0.2618729290818095,0.3835824777084491,0.42391839566838574,0.10040704261478894,-0.9947291282568889,-0.01762931444966375,-0.011026987924044671
80.903,0.2617304260083512,0.38302091124783977,0.42517587575284976,0.10006511386686306,-0.9947797559367767,-0.01691216125813677,-0.010685923767153733
80.923,0.26156876319819444,0.3824327154046205,0.42649203290412585,0.09970805463965016,-0.9948315513567095,-0.016171044467992085,-0.010343383681990984
80.943,0.2613877551226673,0.38182485306452957,0.4278567573045017,0.099336829209477,-0.994884292332292,-0.015414359939698283,-0.009991833702133857
80.963,0.2611886035586666,0.38120456284208126,0.4292570276696204,0.09894811856667918,-0.9949384365937133,-0.014631489752141798,-0.009627914011104815
80.983,0.2609604282615235,0.3805588577478757,0.43071627056533435,0.09853852779747446,-0.9949945728524291,-0.013798330955479318,-0.009250113326946391
81.003,0.26071043041922914,0.37989335525506573,0.4322188663557487,0.0981084359307331,-0.9950522259813739,-0.012937443940717941,-0.0088557841560619
81.023,0.2604322474361339,0.37920741701435867,0.4337733903808443,0.09765055209686874,-0.995112286919835,-0.012041685854317653,-0.008420445245864333
81.043,0.26012095435424076,0.37849765245899636,0.435379669435906,0.09717287246687145,-0.9951735620223757,-0.01112121161911269,-0.00795820082408722
81.063,0.2597733120467077,0.37776449685663094,0.4370346824136384,0.09667516959704447,-0.9952357712168429,-0.010178550283336679,-0.0074878827400169205
81.083,0.2593951163919468,0.37701187059771846,0.4387276644485332,0.09614693954130771,-0.9952998270874603,-0.009210403236885307,-0.007013464816051053
81.103,0.2589849603632676,0.3762411196057291,0.4404594412764029,0.09560830399226161,-0.9953634288119263,-0.00823983632219447,-0.0065423152532212885
81.123,0.25852589842549994,0.3754448226382955,0.44225710043108546,0.09504946226532346,-0.9954277517364989,-0.007251560917214574,-0.0060502611642417065
81.143,0.258027844341446,0.3746367078510987,0.44409535499200437,0.09445660427512392,-0.9954941946884072,-0.006229010265447763,-0.005518847851234489
81.163,0.25748773973481653,0.37381338198436886,0.4459757021197419,0.09382359424847814,-0.9955631441497429,-0.005163021504401171,-0.004949988072767397
81.183,0.2569193565452898,0.3729799370463436,0.4478786325264754,0.09316656647681831,-0.9956325974660916,-0.004081036256952444,-0.00436656580319799
81.203,0.25629746645194307,0.372120068001389,0.4498380359521761,0.09249258661307397,-0.9957016497619651,-0.0029966250788645084,-0.003790293004532481
81.223,0.2556330456389394,0.37124360918774185,0.4518375690216828,0.09181183079347643,-0.9957693202119815,-0.0019165272176735785,-0.0032211138356344295
81.243,0.25491543122599863,0.3703517025377261,0.4538810487073456,0.09109545622721082,-0.9958383626561153,-0.000814318836110751,-0.002628726303055519
81.263,0.25413451070825693,0.3694368419834738,0.4559791954647944,0.09032011516367189,-0.995910703343573,0.00032763074949183457,-0.0020100797553502217
81.283,0.25332215405464087,0.36851392252205306,0.45809341486479016,0.0895179222093272,-0.9959831418335654,0.0014869060621466221,-0.0013827136460578778
81.303,0.25244370233022,0.36756924007072284,0.46025808781267563,0.08867207109449887,-0.996057016302909,0.002675502451783131,-0.0007250987441635358
81.323,0.25148887383325824,0.36659804696069553,0.4624822700455796,0.08777571764858588,-0.9961326913333564,0.0038837281408235997,-3.6110495544045236e-05
81.343,0.2504704572169178,0.3656130803855445,0.4647425655984708,0.08682340739336214,-0.9962104119421084,0.005105068351639272,0.0006703311616839878
81.363,0.24940720482210418,0.36462168975143416,0.46701599178373543,0.08584342888835733,-0.9962875691681108,0.00633255442696002,0.0013725859593608078
81.383,0.2482679447258216,0.36361232341988814,0.46933023918940897,0.08482960257312344,-0.9963646092361516,0.007565204243714664,0.0020668027790741125
81.403,0.2470704299235085,0.36259444245250916,0.4716648343408759,0.0837689068211877,-0.9964424452298186,0.008806345809525143,0.0027698136915624244
81.423,0.24580898489525133,0.3615704356399626,0.4740182737864681,0.08265578970370241,-0.9965212126776388,0.010061998653611,0.0034998992900592695
81.443,0.2445040049248579,0.3605468091894083,0.47637288335157824,0.08151845372707017,-0.9965984976228849,0.011321274527066848,0.004243227644026614
81.463,0.24312439526994417,0.3595187281566308,0.47874760533832084,-0.08032929498210112,0.9966762730027919,-0.012587032028616808,-0.005017751055316425
81.483,0.24169740248711316,0.358497720634137,0.48111990263938065,-0.07908701035382387,0.9967543616205029,-0.013862049157981131,-0.005816440229144724
81.503,0.2402246889824951,0.3574828587123961,0.4834856976170624,-0.0778233701406647,0.9968300581704809,-0.015144887074589872,-0.006632539730956326
81.523,0.23871222848202267,0.3564759781619967,0.48584015641650413,-0.07654057321925017,0.9969030672307002,-0.01642756942529049,-0.00747998396180918
81.543,0.23715924767087243,0.3554765879920125,0.4881774910264417,-0.07523336302010253,0.9969737128234286,-0.017708127460362804,-0.00835339748848527
81.563,0.2355529553527623,0.3544772621539295,0.4905009567709626,-0.07390121808893862,0.9970422568439643,-0.01897204665806665,-0.009241724842792844
81.583,0.23391424543049044,0.35348637134533956,0.4927990927625824,-0.07255803197804622,0.9971077531471959,-0.020218064445014207,-0.010133631102442251
81.603,0.2322250455752264,0.3525032326829172,0.4950740738509686,-0.07118166748098459,0.9971712940363417,-0.021461311181776504,-0.011045029962529302
81.623,0.23051615448539664,0.35153112219025034,0.4973164929167333,-0.06975332131325185,0.9972335817838149,-0.022710032690974945,-0.01199633042094227
81.643,0.22876826503363568,0.35056420929308135,0.4995301020589671,-0.06830140773725235,0.9972929800339138,-0.02394640846974478,-0.012969163334072881
81.663,0.22697842761284664,0.34960308643342564,0.5017167013798273,-0.06683006489718774,0.9973495272844921,-0.0251628619002053,-0.013946083042540044
81.683,0.22517329590978633,0.3486525774816346,0.5038707953244892,-0.06534470289315891,0.9974027299127836,-0.02636610493979438,-0.014922891028056261
81.703,0.223340540001221,0.3477141188092561,0.5059944665632081,-0.06383809700891152,0.9974527920314182,-0.02755497459032971,-0.01591692226328148
81.723,0.221462148251388,0.3467827846758663,0.5080925781169192,-0.062302599127184326,0.997499937424593,-0.028726856574685926,-0.016941921120927714
81.743,0.21954687176042478,0.34586297342490013,0.5101641169636275,-0.06074958629130305,0.9975436827534632,-0.029878237650500843,-0.017982760605466584
81.763,0.21761765572480885,0.34495693182919096,0.5122047446570762,-0.059194496485259755,0.9975831384947516,-0.031017562207746655,-0.0190211516871756
81.783,0.21565130073456437,0.3440644786735097,0.5142215586817686,-0.057627974260011754,0.997618800668213,-0.03213963907220212,-0.020069597313169863
81.803,0.21366512998956683,0.3431876170219439,0.5162104856165235,-0.056040177534360795,0.9976507090248821,-0.03324665143623609,-0.021147611031617945
81.823,0.21165973690457707,0.34232728646404287,0.5181717166831561,-0.054437776664029706,0.9976778896353744,-0.034346429193886245,-0.022263867728049832
81.843,0.20964319251866115,0.34148238449808566,0.5201048308600268,-0.05282772165481563,0.9977002944117253,-0.0354380430899074,-0.023398706320561718
81.863,0.2076050103577869,0.34064951190160087,0.522011138556299,-0.05121096297984944,0.9977184220932629,-0.03651562536130697,-0.024535618819979812
81.883,0.20553716735599414,0.33982594221693974,0.5238912644287,-0.049580547908389665,0.9977330313328296,-0.03756762928168814,-0.025675682788583027
81.903,0.2034605632650674,0.33901724208620365,0.5257413400924662,-0.04795385327236195,0.9977429014813148,-0.03859826532965117,-0.026827307235749286
81.923,0.20135137586384072,0.33822622048010487,0.5275631759356111,-0.046316524754730075,0.9977475116131358,-0.03961329633211347,-0.028026226255855505
81.943,0.1992309540345321,0.33744805282591595,0.5293535779411955,-0.04467072732983212,0.9977468660590283,-0.0406221624297855,-0.029249911260360046
81.963,0.1970792866008032,0.3366772375714908,0.5311162166444523,-0.043004986114990644,0.9977421135264641,-0.04160030460749889,-0.03050673239724583
81.983,0.19491734984042391,0.33592015995477736,0.532845997500795,-0.04133945487777373,0.997733325308574,-0.042551141243082194,-0.03175943037926522
82.003,0.19272224445787772,0.3351717425133769,0.5345436528747668,-0.03966235328114253,0.9977215119026422,-0.043470762552474874,-0.032999624573835304
82.023,0.19052791022734206,0.33443793906777575,0.5362041658572497,-0.03797907710956749,0.9977058697249644,-0.04436780879671153,-0.03423572346009423
82.043,0.18832945844501955,0.33371916161197557,0.5378263802737183,-0.036287311486910494,0.997685694647319,-0.04524484825213973,-0.035487877194735
82.063,0.18611021036117137,0.3330176522343783,0.5394069786977123,-0.034577366521397694,0.9976602082575426,-0.04610388981117038,-0.03678241330094023
82.083,0.1838857905782194,0.3323301319536482,0.5409481536977833,-0.032868468580160896,0.9976300390522947,-0.04694572424580601,-0.038079757467033834
82.103,0.18163356584493276,0.33165346886931735,0.5424401244097893,-0.03114085305052499,0.9975970198143781,-0.04775474088384386,-0.03936899861407176
82.123,0.17938107297226935,0.3309898160715499,0.5438883615400237,-0.02941184475934621,0.9975604176712403,-0.04853749222431729,-0.04064810367049081
82.143,0.17710774816398672,0.3303384378539388,0.5452866075340527,-0.02765724121256973,0.9975205124460259,-0.0492922924032774,-0.04193058749359247
82.163,0.17483828433543683,0.32969919806266357,0.5466414368007725,-0.025899536973393804,0.9974764699006085,-0.0500293667314224,-0.04320843023806323
82.183,0.172547383229741,0.32907156121913894,0.5479404075017449,-0.02412225980349774,0.9974302020776054,-0.05072840768740896,-0.04447175754228686
82.203,0.17026502479069358,0.32845629958315303,0.5491966260666084,-0.022342362904757933,0.9973807476479262,-0.05140241600525704,-0.0457193030340464
82.223,0.16799088521881822,0.327855439940383,0.5504086650054886,-0.02056025474411654,0.9973280793517048,-0.052053226869471676,-0.046951460402973946
82.243,0.1657069717346515,0.3272700884422152,0.5515577663135189,-0.018750918512445862,0.9972724429674906,-0.052679674416097576,-0.048176025739021786
82.263,0.16343658570102104,0.32669799595934496,0.5526496473779534,-0.016944425255773936,0.9972138164046014,-0.05327476379028592,-0.04938917257466642
82.283,0.16118844169940047,0.32613867254588674,0.5536937992143522,-0.015151009921100795,0.9971526128808367,-0.05383585697597793,-0.050584721279783806
82.303,0.15896791992552825,0.325593822538261,0.554692455641481,-0.013371005014878973,0.9970879981954198,-0.054380339832930225,-0.05176406783858697
82.323,0.15674549584854067,0.32506904640332845,0.5555896205239303,-0.011582946155843704,0.9970233098165376,-0.0548704756938623,-0.05291111355807968
82.343,0.1545530262170789,0.3245588442410967,0.556416739675787,-0.009803820762417642,0.9969561484965592,-0.05532680772477841,-0.05404875040508003
82.363,0.15238806121315274,0.32406422771732046,0.5571741771064689,-0.008040675807965797,0.9968868652284245,-0.05573933939069794,-0.05518198539274588
82.383,0.15025379193611038,0.32358280875527823,0.557871168359227,-0.006300843532776429,0.9968160581208487,-0.05611987369769245,-0.056290367020860946
82.403,0.14814194055425955,0.32311808915136575,0.5584684864940271,-0.004575291070967153,0.996746187802829,-0.0564408011083083,-0.057363226743238876
82.423,0.1460643169612983,0.3226693134756944,0.5589969563861226,-0.00285463959605175,0.9966743747285831,-0.05673306413627543,-0.058424320499890534
82.443,0.14401746640231322,0.32223568705875155,0.5594376046946957,-0.0011462725293288568,0.9966006074736927,-0.056993317093472176,-0.05947837463345554
82.463,0.14199724821729595,0.32181747617550527,0.5597870286212373,0.0005420384019071467,0.9965272567307755,-0.057187507723410275,-0.060520424216876686
82.483,0.14000375889613695,0.3214125185771436,0.5600531418862466,0.00221276304309998,0.9964548493714207,-0.05733730309462457,-0.06152455215382531
82.503,0.13804170546765512,0.3210194136159939,0.5602463841170919,0.003868358727697091,0.9963838495867379,-0.05744132554607654,-0.06248803247803826
82.523,0.1361127946088052,0.32063825602578905,0.5603760137363457,0.0055115197221231645,0.9963125787968597,-0.05750412218560607,-0.06343614437500415
82.543,0.1342066248754723,0.3202724809900085,0.5604017418377004,0.007134025024222673,0.9962412413737742,-0.05750545825577617,-0.06438646553265959
82.563,0.1323250965546508,0.3199172832034015,0.5603629865649437,0.008740553262610478,0.9961694409014492,-0.05747152593124727,-0.06532282487684538
82.583,0.13045602738795106,0.31957562456089306,0.5602322931837302,0.01034567747486415,0.9960989124183304,-0.05737710245925468,-0.06624040873957261
82.604,0.1286046890437893,0.31924703132277826,0.5600420830987283,0.011952883933636254,0.9960277857618728,-0.05724999662626833,-0.0671432531402977
82.623,0.12676433352679783,0.31892871948777035,0.5597687356043761,0.013557197597927511,0.9959584552698726,-0.05707251052717285,-0.0680123982216923
82.643,0.12494133581346162,0.31862207262603903,0.5594315790777226,0.015147435800356884,0.9958904852612378,-0.05684744431683326,-0.06885538925497808
82.663,0.12313443828620022,0.3183286361839954,0.5590330120153592,0.016720740940159802,0.9958224234705135,-0.05659443191726964,-0.0696791791835077
82.683,0.12133821258112441,0.3180491699337668,0.5585621642520519,0.01829566310771958,0.9957539618138911,-0.056293440505554806,-0.07050081417569702
82.703,0.11955350121903523,0.3177810459329794,0.5580159962437482,0.01987053120142763,0.9956858290506385,-0.05593371255595219,-0.0713183820429475
82.723,0.11778390054461911,0.3175252184757289,0.5574186530636277,0.021424908299941155,0.995618660842069,-0.05552372790526414,-0.07212191849144244
82.743,0.11603036772101528,0.31728512529993524,0.5567681136357009,0.0229594285936996,0.9955522103921836,-0.05508520655908159,-0.07289911549691072
82.763,0.11429219699030842,0.31706473303724525,0.5560518041671464,0.024483351156308293,0.9954870878063642,-0.05460000379729702,-0.07365367005313765
82.783,0.11257823926208681,0.3168588612489215,0.5552933578641764,0.025988138490740505,0.995420525517992,-0.054087852056023906,-0.07441168117464095
82.803,0.11088654313457297,0.3166647423822458,0.5544854043991749,0.027469128456281473,0.9953534280522234,-0.0535326441535423,-0.07517483792113895
82.823,0.10921645559467762,0.3164853645108312,0.5536214353139894,0.028924308183304333,0.9952887358351663,-0.052921153204014776,-0.07591487508592194
82.843,0.10757125563052891,0.31632707120675363,0.5527060454336347,0.030355692167817312,0.9952262429999897,-0.052261997794056096,-0.07662858985856572
82.863,0.10595714453794133,0.31618527993698625,0.551760337049752,0.0317668402542255,0.9951630185142561,-0.051586180009597776,-0.07733240248352537
82.883,0.10437485209934377,0.3160600807421434,0.5507723197978869,0.033149147974419264,0.9950995962520166,-0.050875631927357313,-0.07803587382503062
82.903,0.1028232408570543,0.31595531179354786,0.549738788891272,0.034502777623122656,0.9950365891247399,-0.050127987053820565,-0.07873328110287711
82.923,0.10130204748051007,0.3158696522061075,0.5486641436646881,0.03582122747414169,0.9949748890573614,-0.04934716017484198,-0.07941453009503743
82.943,0.09980889315504081,0.31580353619089296,0.5475551693585978,0.03711319172340217,0.9949125012912828,-0.04854393631466331,-0.08009501870592971
82.963,0.09833774309809697,0.31574803935307894,0.5464153448531384,0.03838868100824817,0.9948490658541831,-0.04771923177668066,-0.08077450252492804
82.983,0.09688538699102221,0.3157019554431949,0.5452444823358363,0.03964938916696315,0.9947861242684304,-0.04685608375076541,-0.08144323371049764
83.003,0.09544728556063846,0.31566652913769455,0.5440533069977037,0.04089531529166519,0.9947235173319096,-0.04596799066366045,-0.08209531709162915
83.023,0.09402027356675643,0.31564318319925805,0.542845015584342,0.042137370336136466,0.9946605199261258,-0.0450666285833271,-0.08272781339777506
83.043,0.09260872501826749,0.31562665394252865,0.5416319016294767,0.043376761658364967,0.9945963772685973,-0.04416489096268642,-0.0833424578379437
83.063,0.09121157079860004,0.31561925431274507,0.5404047136069159,0.044616707624938585,0.9945308997011462,-0.04325023301169469,-0.0839467467194152
83.083,0.08983008679476871,0.31561704813436064,0.539176898066042,0.04584559611205342,0.9944636750145485,-0.04232913188340499,-0.08454835887044845
83.103,0.08845855649544329,0.3156223345225541,0.5379423226120332,0.04706735847356209,0.9943954848600145,-0.04140071684919784,-0.08513673766777033
83.123,0.08710147486089624,0.31563151723022187,0.5367121928775782,0.048287871276514245,0.9943266248016036,-0.04046457264879844,-0.08570567693323303
83.143,0.08575810890407104,0.31565000300443236,0.5354778812817963,0.0495160864759407,0.9942579342419355,-0.03951687891397158,-0.08624229622386417
83.163,0.08443818313220236,0.315677026364678,0.5342454762445259,0.050729688027235605,0.9941887901847455,-0.038568720953321776,-0.08676175417588758
83.183,0.08314446743569243,0.31571477343063686,0.5330139319064369,0.05192068777298459,0.9941188931589892,-0.0376159262840095,-0.08727491355093327
83.203,0.08187310536285454,0.31576772973239486,0.5317738361170476,0.0530891104909434,0.9940478299159615,-0.03665495658879201,-0.08778879395527787
83.223,0.08062578425595918,0.3158297565332645,0.5305343363696745,0.05424470871561799,0.993975552109517,-0.035693267645223396,-0.08829554932014066
83.243,0.07940243995298508,0.31590458976421937,0.5292815007903486,0.05538215801731212,0.9939038486196237,-0.03471182282268601,-0.08878651715644814
83.263,0.07820194536451186,0.31598757909543773,0.5280307196675432,0.056501016110998566,0.9938321681028572,-0.03372413245404391,-0.08926331672429283
83.283,0.0770219850653954,0.31608407895841606,0.5267709758323986,0.05759657609593028,0.9937607611398432,-0.03273007348222356,-0.08972695431492846
83.303,0.0758605697267486,0.3161916897156787,0.5255060874867226,0.05867681054884694,0.9936870232568468,-0.031729761430370616,-0.09020174030656819
83.323,0.07471383813365162,0.31630334694600315,0.5242374060260659,0.05975034754335568,0.9936109662419,-0.030722725407539092,-0.09068218058592747
83.343,0.07358159419301134,0.31641519052881484,0.5229720847360569,0.06081567450630871,0.9935342105301783,-0.029707293786467005,-0.0911520868461186
83.363,0.07245892257317345,0.316530440566654,0.5217000155971804,0.06186842691954698,0.9934586552892313,-0.02867802522725007,-0.09159568139644111
83.383,0.07134805860516513,0.31665107065749354,0.5204263549323584,0.06291112358337703,0.9933846367258061,-0.02762634301291858,-0.09201053862654916
83.403,0.07025078171425045,0.31677831445307153,0.5191553016179834,0.06394733819348358,0.9933077059770319,-0.026578731072448313,-0.0924343563789643
83.423,0.06916550519174318,0.31690936454154073,0.5178896621925032,0.06497807712902359,0.9932284722260293,-0.02553022805997336,-0.09286150390429823
83.443,0.06809216367007485,0.3170447833574908,0.5166323785177445,0.06600316227754621,0.9931483977757283,-0.024475884595511962,-0.09327793757440675
83.463,0.06702505140589897,0.317193944619402,0.51537206867946,0.0670193097400758,0.9930686280680836,-0.02341492548379475,-0.09367418712498352
83.483,0.0659720107749633,0.31734707315799415,0.5141240357706763,0.06802317810446545,0.9929876365806884,-0.022360311969002955,-0.09406602621093144
83.503,0.06491967803348442,0.31750765060574415,0.5128758101684079,0.06902754339345446,0.9929026730440481,-0.02129630516993193,-0.09447723271327083
83.523,0.06387024296236159,0.31767319212729084,0.51163647373917,0.07003129704233191,0.9928166286882742,-0.020228328724503024,-0.09487662489587273
83.543,0.062816869910852,0.31784980293870396,0.5103932161969974,0.07104830835540282,0.9927302147390202,-0.019153013265628425,-0.0952471558992771
83.563,0.06177292941132863,0.3180316207511353,0.5091560570664909,0.07206033796951139,0.9926419542170315,-0.018075682476044033,-0.09561656824493214
83.583,0.06072722885493034,0.3182240739742376,0.5079148534383836,0.07306446148633033,0.9925518788818176,-0.016987940431198743,-0.09598834343706733
83.603,0.059680765552457174,0.31842726746917144,0.5066725516479593,0.07406757599802033,0.9924601876942665,-0.01588565521951337,-0.0963556743834264
83.623,0.05863674455527969,0.31863766223823664,0.5054295571360242,0.07507217847885228,0.9923666863535991,-0.01478114473494463,-0.09671631503702843
83.643,0.05759351847070522,0.3188531143963047,0.504186879388005,0.07607172925775124,0.992271885086565,-0.013662016170166049,-0.0970718671328441
83.663,0.05654449007367911,0.31908068929522704,0.5029372322578358,0.07707083874711729,0.9921755799612024,-0.012523363060501879,-0.09742109484666324
83.683,0.0554929114237019,0.3193185374980051,0.501686386770296,0.07806752549861778,0.9920768566052718,-0.011375394910375496,-0.09777306603231128
83.703,0.05443795810448966,0.31956331707569996,0.5004395290595791,0.07906459971282898,0.9919753307382505,-0.010223469424275678,-0.09812855319385702
83.723,0.05336329936932062,0.31981963401357844,0.49918807442520297,0.0800778295342936,0.9918707152038979,-0.00905810375334497,-0.09847830367333965
83.743,0.05228407742994405,0.320082912310746,0.49794187189656314,0.08110152180322111,0.9917630879754306,-0.0078932415568036,-0.09882417329968547
83.763,0.05118239684557381,0.32035975101175546,0.4966855824161025,0.08212566625502277,0.9916540702790206,-0.006717436193696109,-0.09915874087645468
83.783,0.0500721654883068,0.32064374009154123,0.49543177968696606,0.08315005883266063,0.9915422590883761,-0.005540023522066576,-0.0994953481194964
83.803,0.04894207157189427,0.32094084981089493,0.4941745241332318,0.08418188487658668,0.9914268982523557,-0.0043625009788909605,-0.09983528567369196
83.823,0.047792974692337745,0.3212477367387342,0.4929109672108525,0.08524330578293682,0.9913057032392911,-0.003187835866454069,-0.10018193074072583
83.843,0.04662218050974336,0.3215627927382308,0.4916416928556028,0.08631141410411208,0.991179847265781,-0.0019967746958939056,-0.10054284191500432
83.863,0.04543321431239504,0.3218872665194327,0.49037533838456615,0.08739368879396242,0.9910494948241371,-0.0007898661782638144,-0.10090895936054145
83.883,0.044231944605397186,0.32221872999648105,0.48911115335201405,0.08848292442011962,0.9909176934161676,0.0004112439829909296,-0.1012557545981109
83.903,0.04300691429339003,0.32256125319060647,0.4878361864090732,0.08958008885396657,0.9907822383098336,0.0016240585813107188,-0.10160377140832917
83.923,0.04176785091430753,0.322913590478134,0.48656365796517953,0.09067556980145508,0.9906423225911065,0.002844643401268789,-0.10196880766391023
83.943,0.04050185655982995,0.32327878515129116,0.4852888723415477,0.09176679519384862,0.9905003893243822,0.004062475004370312,-0.10232951844378374
83.963,0.0392075411009961,0.32365499275462345,0.48400564773661126,0.09286691534872482,0.990356766762883,0.005282123957216756,-0.10267088061900587
83.983,0.03789851169077087,0.3240371476013992,0.48272187920844645,0.09397436507258078,0.9902070037623654,0.0065217587057248205,-0.10303579510319724
84.003,0.036573331103931975,0.32442780480687855,0.4814452431146212,0.0950825267698967,0.9900524363299672,0.007779158259718851,-0.10341649344721812
84.023,0.0352380318440214,0.3248244772572032,0.4801784903710219,0.09618372202076647,0.9898970024264626,0.009030618373827827,-0.10378373734416096
84.043,0.03387006953245107,0.3252321414609675,0.4789091664451155,0.09728112951432794,0.9897395630179305,0.01028799183566266,-0.10414478605039011
84.063,0.03248916933969438,0.32564725216014456,0.4776497133312876,0.09837655059756023,0.9895771221601908,0.011547808174659363,-0.10452665552882699
84.083,0.03106071476078702,0.3260734604683586,0.4763920952087636,0.09946491762646387,0.9894091959996646,0.012808432848952986,-0.10493863483394622
84.103,0.029618993495093796,0.3265030996135737,0.4751484796949572,0.10055108594447737,0.9892368699271916,0.014063524184215977,-0.1053665581650986
84.123,0.028140776851520846,0.3269307534900981,0.4739106558834192,0.10160998639623908,0.989063968761474,0.015319020814688708,-0.10579793931659158
84.143,0.0266268434258098,0.32735737093240225,0.47268340603587644,0.10265961758829745,0.9888845482300319,0.016595493298320517,-0.10626825862267383
84.163,0.025055359872434943,0.3277985743039602,0.4714702686654244,0.10370109097912006,0.9886982859737702,0.01787133477713477,-0.10678201363316044
84.183,0.02345715935078614,0.32824167498944923,0.47027515403673514,0.10471359409883685,0.9885117494064235,0.01915092803463718,-0.10729783992126099
84.203,0.021817318271105432,0.32869486423897654,0.4691049477781739,0.10571862829214873,0.9883192033934448,0.020453937122253928,-0.10784414815821959
84.223,0.020145081236038434,0.3291618648684781,0.4679589546555807,0.1067133660785407,0.988122927507223,0.02175368960705306,-0.10840717053416206
84.243,0.018453492514334383,0.32963574655104355,0.4668377456134579,0.10766587448061898,0.9879291121319251,0.02305032412200818,-0.10896243128904687
84.263,0.016742327338890486,0.3301201563678212,0.46574330517243334,0.10857668954195998,0.9877310040638756,0.024359822557711998,-0.10956808451384875
84.283,0.015028345674165292,0.33061272941065234,0.464677524706651,0.10944866310192186,0.9875291905137924,0.025681277574220458,-0.11021596985252305
84.303,0.01325540154118425,0.3311294081593136,0.46364859993839436,0.11023790373654374,0.9873288594027176,0.02703634828406644,-0.11089798844778159
84.323,0.011460496132428208,0.3316579366847548,0.46265518622014734,0.11099641407117761,0.9871283864997988,0.028388840415575052,-0.11158592370681286
84.343,0.009648767698881636,0.33219472344345913,0.4616973315230044,0.11173239444629235,0.9869230564698921,0.029736848759596285,-0.11231416858648577
84.363,0.007819045581882803,0.3327402503799352,0.46078942054103533,0.11240352527290476,0.9867088366582772,0.031103250837098813,-0.11315346638109043
84.383,0.0059682042532005625,0.3333002687001195,0.4599504091274341,0.1130256157920832,0.9864899316130937,0.03245905399311027,-0.11405803266182768
84.403,0.004104907344819511,0.33386011071674376,0.4591684026404277,0.11360819867114297,0.9862707457565651,0.03378170867034293,-0.11498690977149544
84.423,0.002249772439763666,0.33441458014283776,0.4584302399422524,0.11417329032810508,0.9860481179786333,0.03509950476321095,-0.11593788669726182
84.443,0.00039807752253516395,0.334965100560386,0.45774773293009496,0.1147074262658756,0.9858230684711115,0.03641371545401464,-0.11691503477524093
84.463,-0.0014906672613618642,0.33552348151322775,0.4571798260426455,0.11514569233251332,0.9855916291455986,0.03772511519376859,-0.11801451511999586
84.483,-0.003380227940541423,0.3360755002648899,0.4566779092623173,0.11551968106161037,0.9853579777173276,0.039009924293034674,-0.11917669588847664
84.503,-0.00525918018432002,0.3366197944665459,0.45622625110303516,0.11584594607875914,0.985119436388546,0.04029460368645388,-0.1203983294750493
84.523,-0.007150147766861056,0.33716000033632243,0.45585261915882347,0.11611707047520742,0.9848758874144646,0.041591316207129456,-0.12168185875464504
84.543,-0.009053553749756596,0.3377031642927268,0.45556479475500367,0.11633762891450877,0.9846235322001109,0.04287878088751256,-0.12305879117693228
84.563,-0.010953268205907932,0.33824214852966783,0.45533227319433933,0.11651528412654566,0.9843674377186022,0.044147768756288924,-0.12448257162376672
84.583,-0.012841326494153496,0.33877779475095027,0.45514594277117837,0.1166500442314356,0.9841060680580254,0.04541435584535305,-0.125958526012847
84.603,-0.014731269600094979,0.3393109847509816,0.4550198956312753,0.11671211696801526,0.9838380005338511,0.0466906542701031,-0.1275188349312703
84.623,-0.016630455077508613,0.33983881405882854,0.45496264747829285,0.1167212862592778,0.9835630547384833,0.04797902819894057,-0.12914283387229988
84.643,-0.01852494533441891,0.34035997940193974,0.4549555795954514,0.11668732279054012,0.9832890501127427,0.04927807760088482,-0.13076078806858576
84.663,-0.02040226476907324,0.34087551353505885,0.45499208121934087,0.1165642995039709,0.9830167080304588,0.05060925231829087,-0.1323994690091024
84.683,-0.022265576027077807,0.3413883963718609,0.4550787102815026,0.11634698012634759,0.9827355049220704,0.051966131134151626,-0.1341410779589577
84.703,-0.02411586837007433,0.3419010039806984,0.45521784852871283,0.11606877485455036,0.9824376582183876,0.05332178814047476,-0.13601865360176416
84.723,-0.025946180268765093,0.34240942617227027,0.45539571720103866,0.11576090683237189,0.9821281172187497,0.05465607245171281,-0.13797277833635999
84.743,-0.027752942803408273,0.3429143904662499,0.45561743884087735,0.11542466104751753,0.9818135911375631,0.05598005401837947,-0.13994803832754177
84.763,-0.02955110271027521,0.34341225726609814,0.45591476580861956,0.11496494235290078,0.9814987277310193,0.05734565146810349,-0.14196755174998174
84.783,-0.03131983699010536,0.34390876110370816,0.4562568540301314,0.11447933938487637,0.9811828149214484,0.058703368869889215,-0.14397457775645808
84.803,-0.03305658281230729,0.3443982285298587,0.45663402023771815,0.11393655797845509,0.9808634857171816,0.06004968096093407,-0.14601136585640306
84.823,-0.03475383878709752,0.34488666310182414,0.4570574269606299,0.11334210340949841,0.9805241980613295,0.06138131911575361,-0.1481829891536375
84.843,-0.03641479552168668,0.3453660183383671,0.45751632481982163,0.11265541036603438,0.9801614315112677,0.06270384253683299,-0.15053423140322503
84.863,-0.03804055097222829,0.34583040729184034,0.45800701747713846,0.11187592399107843,0.9797897792623409,0.06404202195508416,-0.15295223276598766
84.883,-0.03962284128559475,0.34628661214062323,0.4585232012381838,0.11103427395955606,0.9794035251950943,0.06537894853740679,-0.1554532660635971
84.903,-0.04116555369224657,0.34672663051506925,0.45906525846085633,0.1101325134593934,0.9790008692067453,0.06669553908952792,-0.15805009534040332
84.923,-0.042663534031189124,0.3471445102048123,0.459635276859235,0.10913281002211445,0.9785745034696116,0.06800519201191306,-0.1608019427597289
84.943,-0.044121132950897576,0.34754989264074354,0.4602177304364502,0.10807720421087497,0.9781302954077976,0.06931048025066962,-0.16363526656206076
84.963,-0.0455332914732028,0.34793420796883556,0.4608338273755622,0.1069327850189733,0.9776634017999033,0.07060376014393042,-0.16659760299195486
84.983,-0.04689816435845211,0.3482977811318779,0.4614665012184883,0.10566620552471723,0.9771588628442119,0.07186623739647724,-0.16979532884472545
85.003,-0.04821371794238484,0.3486373730167514,0.4620975329318602,0.10427709378594541,0.9766062702845909,0.07312894893611427,-0.17325887388493835
85.023,-0.0494851726485256,0.34896294259044897,0.4627309826665169,0.10283045803299928,0.9760178361999352,0.07438519175432869,-0.17686696573411229
85.043,-0.050712219300959,0.34926512922094605,0.46338184324351217,0.10123735968654957,0.9753712935461336,0.07559565986986393,-0.1807958321938819
85.063,-0.051903110562337165,0.3495459955001408,0.4640389528538217,0.09958134574428484,0.9746881497168681,0.07678519595411977,-0.18485291467421394
85.083,-0.05305775073115153,0.34981100584362046,0.4646924319459166,0.09785778623505842,0.9739671789929191,0.07795419607552442,-0.18903685151834063
85.103,-0.054171671054281015,0.35005156596240156,0.46535702685522506,0.09600076980275452,0.973191624682662,0.07911061660189532,-0.19345134836869823
85.123,-0.05524928335764499,0.3502783972771904,0.46603104805862094,0.09409407294818395,0.9723765967886008,0.0802347000184925,-0.19797083716240452
85.143,-0.05628499871960006,0.3504895817860592,0.4667179871050181,0.09210448322657072,0.9715052051661994,0.08128553777352211,-0.20269943723014383
85.163,-0.05728733652295627,0.35068331073353187,0.46741351176919865,0.09006052108583923,0.9705864557633824,0.08228150250579551,-0.2075591211578319
85.183,-0.058245807236560296,0.3508628101936263,0.46813148814513317,0.08797314690841612,0.9696262715831263,0.0832356756578581,-0.2125028027500238
85.203,-0.05915732713425513,0.3510206966144721,0.46887080129450576,0.08577698219157015,0.9686145483425131,0.08412126446464621,-0.21760463903650026
85.223,-0.06002604662495055,0.3511589599675739,0.4696213310639614,0.08353218622788411,0.9675533222706472,0.0849415866949819,-0.22281801829466596
85.243,-0.060854671284672854,0.3512850455010049,0.47038201386505807,0.08127664265396878,0.9664494459571271,0.08570606646891638,-0.22808780313398305
85.263,-0.06163476843634848,0.3513869717109464,0.4711723285337833,0.07900521900372831,0.9653126175345981,0.08642510329600626,-0.23336757983694
85.283,-0.06236749568753096,0.35147194977089463,0.4719804489556615,0.07669983035359207,0.9641492416101596,0.08711606114252408,-0.23862977143956118
85.303,-0.06305774120703753,0.35154544443979235,0.47278894827897144,0.07436693222216406,0.9629555797771392,0.08775321813600467,-0.24389646056208608
85.323,-0.06370961385562751,0.3516076895912167,0.4735964011863957,0.07200746846159933,0.9617182700301833,0.08830271599920857,-0.24922986161988428
85.343,-0.06432061890772073,0.3516548680427304,0.47440210154630646,0.06963209589844738,0.9604436007567514,0.08879522721398529,-0.2545876442606991
85.363,-0.06489087097918794,0.3516864185446679,0.47520901538100624,0.06720974755926057,0.9591215387904157,0.0892162195144177,-0.26001767216264476
85.383,-0.06542603927130755,0.35170688568389197,0.47601924101526727,0.06476910795741325,0.9577721610853346,0.08960045263526163,-0.2654226987126098
85.403,-0.0659345797035919,0.35171922877871625,0.4768148285448738,0.06231193700574217,0.9563930687603031,0.08991464548193491,-0.2708225933368557
85.423,-0.06642055990156959,0.3517242023373655,0.47758340777102326,0.05983635303657209,0.9549747770769612,0.09017202538673212,-0.2762458901771124
85.443,-0.06688199774258069,0.35172004959847025,0.4783175699664367,0.057288014535020304,0.9534967757320167,0.09037073122994578,-0.28177138427499754
85.463,-0.06732554287705528,0.351712184374883,0.4790228448128149,0.054713004494528816,0.9519681505596079,0.09050190510313186,-0.28735436769258493
85.483,-0.06774561970244494,0.35170879670277544,0.47969582767956354,0.05206919841741481,0.9503907909755702,0.09054651424440886,-0.2929973920757412
85.503,-0.06815062225546561,0.35170429069378617,0.48034462201814765,0.04937712710229886,0.9487869895867627,0.09056255376849034,-0.2986026985225381
85.523,-0.06855196942404318,0.3516950611180042,0.48094112076248907,0.04664738799101836,0.9471451259237221,0.09054024846753604,-0.30420814426965787
85.543,-0.06894881387343055,0.35168523476429636,0.4814896748254661,0.04383910077144321,0.9454222406756596,0.09041965228716947,-0.3099664603785938
85.563,-0.06933379116706329,0.35167986957697933,0.48201173815182996,0.04098188442573619,0.9436454058972752,0.09022594539991956,-0.3157738302243765
85.583,-0.06970869485660888,0.3516802684591972,0.48251051435642367,0.038088491725835616,0.9418326584851997,0.08997192636131267,-0.32156735324903085
85.603,-0.07007854581782091,0.3516820771913569,0.4829890467261049,0.035146126609089334,0.9399949547631052,0.08968663697134426,-0.3273080230502404
85.623,-0.07045026292817891,0.3516782271512875,0.4834357257946188,0.032145834298104636,0.9381008091617284,0.08928883021863254,-0.33310812356587355
85.643,-0.07081773154900797,0.3516733923855746,0.48386308324309846,0.02913291393227097,0.9361492968389276,0.0888231955060437,-0.33894867943966295
85.663,-0.07117606345112071,0.3516706993001798,0.4842782327817813,0.026054650736074825,0.934157832623278,0.08832770630007906,-0.3447731358783168
85.683,-0.07152642637765441,0.3516737336422233,0.4846782116780367,-0.02295293519021885,-0.932124539497768,-0.0877449379612363,0.3505963940122697
85.703,-0.07186362750178626,0.35168141660359553,0.4850705033988676,-0.019838050004691354,-0.9300544089434927,-0.08711585302157673,0.3563931485439993
85.723,-0.07218390539626904,0.35169196330159225,0.4854496904554396,-0.016687875208087177,-0.92795267019351,-0.08641100531895002,0.36215810754633526
85.743,-0.07249937534252429,0.35170614949890755,0.48580565993428615,-0.013509600456141026,-0.9258038147745813,-0.08563356714069159,0.36792890539220885
